employment_income,deducts,amt0,amt1,amt2,amt3,amt4,amt5,amt6,amt7
200000.0,0.0,0.0,0.0,0.0,0.0,0.0,347.0,696.0,1046.0
200000.0,500.0,0.0,0.0,0.0,0.0,0.0,347.0,696.0,1046.0
200000.0,1000.0,0.0,0.0,0.0,0.0,0.0,347.0,696.0,1046.0
200000.0,1500.0,0.0,0.0,0.0,0.0,0.0,347.0,696.0,1046.0
200000.0,2000.0,0.0,0.0,0.0,0.0,0.0,347.0,696.0,1046.0
200000.0,2500.0,0.0,0.0,0.0,0.0,0.0,347.0,696.0,1046.0
200000.0,3000.0,0.0,0.0,0.0,0.0,0.0,347.0,696.0,1046.0
200000.0,3500.0,0.0,0.0,0.0,0.0,0.0,347.0,696.0,1046.0
200000.0,4000.0,0.0,0.0,0.0,0.0,0.0,347.0,696.0,1046.0
200000.0,4500.0,0.0,0.0,0.0,0.0,0.0,347.0,696.0,1046.0
200000.0,5000.0,0.0,0.0,0.0,0.0,0.0,347.0,696.0,1046.0
200000.0,5500.0,0.0,0.0,0.0,0.0,0.0,347.0,696.0,1046.0
200000.0,6000.0,0.0,0.0,0.0,0.0,0.0,347.0,696.0,1046.0
200000.0,6500.0,0.0,0.0,0.0,0.0,0.0,347.0,696.0,1046.0
200000.0,7000.0,0.0,0.0,0.0,0.0,0.0,347.0,696.0,1046.0
200000.0,7500.0,0.0,0.0,0.0,0.0,0.0,347.0,696.0,1046.0
200000.0,8000.0,0.0,0.0,0.0,0.0,0.0,347.0,696.0,1046.0
200000.0,8500.0,0.0,0.0,0.0,0.0,0.0,347.0,696.0,1046.0
200000.0,9000.0,0.0,0.0,0.0,0.0,0.0,347.0,696.0,1046.0
200000.0,9500.0,0.0,0.0,0.0,0.0,0.0,347.0,696.0,1046.0
200000.0,10000.0,0.0,0.0,0.0,0.0,0.0,347.0,696.0,1046.0
200000.0,10500.0,0.0,0.0,0.0,0.0,0.0,347.0,696.0,1046.0
200000.0,11000.0,0.0,0.0,0.0,0.0,0.0,347.0,696.0,1046.0
200000.0,11500.0,0.0,0.0,0.0,0.0,0.0,347.0,696.0,1046.0
200000.0,12000.0,0.0,0.0,0.0,0.0,0.0,347.0,696.0,1046.0
200000.0,12500.0,0.0,0.0,0.0,0.0,0.0,347.0,696.0,1046.0
200000.0,13000.0,0.0,0.0,0.0,0.0,0.0,347.0,696.0,1046.0
200000.0,13500.0,0.0,0.0,0.0,0.0,0.0,347.0,696.0,1046.0
200000.0,14000.0,0.0,0.0,0.0,0.0,0.0,347.0,696.0,1046.0
200000.0,14500.0,0.0,0.0,0.0,0.0,0.0,347.0,696.0,1046.0
200000.0,15000.0,0.0,0.0,0.0,0.0,0.0,347.0,696.0,1046.0
200000.0,15500.0,0.0,0.0,0.0,0.0,0.0,347.0,696.0,1046.0
200000.0,16000.0,0.0,0.0,0.0,0.0,0.0,347.0,696.0,1046.0
200000.0,16500.0,0.0,0.0,0.0,0.0,0.0,347.0,696.0,1046.0
200000.0,17000.0,0.0,0.0,0.0,0.0,0.0,347.0,696.0,1046.0
200000.0,17500.0,0.0,0.0,0.0,0.0,0.0,347.0,696.0,1046.0
200000.0,18000.0,0.0,0.0,0.0,0.0,0.0,347.0,696.0,1046.0
200000.0,18500.0,0.0,0.0,0.0,0.0,0.0,347.0,696.0,1046.0
200000.0,19000.0,0.0,0.0,0.0,0.0,0.0,347.0,696.0,1046.0
200000.0,19500.0,0.0,0.0,0.0,0.0,6.0,355.0,704.0,1054.0
200000.0,20000.0,0.0,0.0,0.0,0.0,45.0,394.0,743.0,1093.0
200000.0,20500.0,0.0,0.0,0.0,0.0,84.0,433.0,783.0,1132.0
200000.0,21000.0,0.0,0.0,0.0,0.0,123.0,473.0,822.0,1171.0
200000.0,21500.0,0.0,0.0,0.0,0.0,163.0,512.0,861.0,1211.0
200000.0,22000.0,0.0,0.0,0.0,0.0,202.0,551.0,900.0,1250.0
200000.0,22500.0,0.0,0.0,0.0,0.0,241.0,590.0,940.0,1289.0
200000.0,23000.0,0.0,0.0,0.0,0.0,280.0,630.0,979.0,1328.0
200000.0,23500.0,0.0,0.0,0.0,0.0,320.0,669.0,1018.0,1368.0
200000.0,24000.0,0.0,0.0,0.0,9.0,359.0,708.0,1057.0,1407.0
200000.0,24500.0,0.0,0.0,0.0,49.0,398.0,747.0,1097.0,1446.0
200000.0,25000.0,0.0,0.0,0.0,88.0,437.0,787.0,1136.0,1485.0
200000.0,25500.0,0.0,0.0,0.0,127.0,477.0,826.0,1175.0,1525.0
200000.0,26000.0,0.0,0.0,0.0,166.0,516.0,865.0,1214.0,1564.0
200000.0,26500.0,0.0,0.0,0.0,206.0,555.0,904.0,1254.0,1603.0
200000.0,27000.0,0.0,0.0,0.0,245.0,594.0,944.0,1293.0,1642.0
200000.0,27500.0,0.0,0.0,0.0,284.0,634.0,983.0,1332.0,1682.0
200000.0,28000.0,0.0,0.0,0.0,323.0,673.0,1022.0,1371.0,1721.0
200000.0,28500.0,0.0,0.0,13.0,363.0,712.0,1061.0,1411.0,1760.0
200000.0,29000.0,0.0,0.0,53.0,402.0,751.0,1101.0,1450.0,1799.0
200000.0,29500.0,0.0,0.0,92.0,441.0,791.0,1140.0,1489.0,1839.0
200000.0,30000.0,0.0,0.0,131.0,480.0,830.0,1179.0,1528.0,1877.0
200000.0,30500.0,0.0,0.0,170.0,520.0,869.0,1218.0,1568.0,1911.0
200000.0,31000.0,0.0,0.0,210.0,559.0,908.0,1258.0,1607.0,1945.0
200000.0,31500.0,0.0,0.0,249.0,598.0,948.0,1297.0,1646.0,1979.0
200000.0,32000.0,0.0,0.0,288.0,637.0,987.0,1336.0,1685.0,2013.0
200000.0,32500.0,0.0,0.0,327.0,677.0,1026.0,1375.0,1725.0,2047.0
200000.0,33000.0,0.0,17.0,367.0,716.0,1065.0,1415.0,1764.0,2081.0
200000.0,33500.0,0.0,57.0,406.0,755.0,1105.0,1454.0,1803.0,2115.0
200000.0,34000.0,0.0,96.0,445.0,794.0,1144.0,1493.0,1842.0,2149.0
200000.0,34500.0,0.0,135.0,484.0,834.0,1183.0,1532.0,1881.0,2183.0
200000.0,35000.0,0.0,174.0,524.0,873.0,1222.0,1572.0,1915.0,2217.0
200000.0,35500.0,0.0,214.0,563.0,912.0,1262.0,1611.0,1949.0,2251.0
200000.0,36000.0,0.0,253.0,602.0,951.0,1301.0,1650.0,1983.0,2285.0
200000.0,36500.0,0.0,292.0,641.0,991.0,1340.0,1689.0,2017.0,2319.0
200000.0,37000.0,0.0,331.0,681.0,1030.0,1379.0,1729.0,2051.0,2353.0
200000.0,37500.0,0.0,371.0,720.0,1069.0,1419.0,1768.0,2085.0,2387.0
200000.0,38000.0,0.0,410.0,759.0,1108.0,1458.0,1807.0,2119.0,2421.0
200000.0,38500.0,0.0,449.0,798.0,1148.0,1497.0,1846.0,2153.0,2455.0
200000.0,39000.0,0.0,488.0,838.0,1187.0,1536.0,1884.0,2187.0,2489.0
200000.0,39500.0,0.0,528.0,877.0,1226.0,1576.0,1918.0,2221.0,2523.0
200000.0,40000.0,0.0,567.0,916.0,1265.0,1615.0,1952.0,2255.0,2557.0
200000.0,40500.0,0.0,606.0,955.0,1305.0,1654.0,1986.0,2289.0,2591.0
200000.0,41000.0,0.0,645.0,995.0,1344.0,1693.0,2020.0,2323.0,2625.0
200000.0,41500.0,0.0,685.0,1034.0,1383.0,1733.0,2054.0,2357.0,2659.0
200000.0,42000.0,0.0,724.0,1073.0,1422.0,1772.0,2088.0,2391.0,2693.0
200000.0,42500.0,0.0,763.0,1112.0,1462.0,1811.0,2122.0,2425.0,2727.0
200000.0,43000.0,0.0,802.0,1152.0,1501.0,1850.0,2156.0,2459.0,2761.0
200000.0,43500.0,0.0,842.0,1191.0,1540.0,1888.0,2190.0,2493.0,2795.0
200000.0,44000.0,0.0,881.0,1230.0,1579.0,1922.0,2224.0,2527.0,2829.0
200000.0,44500.0,0.0,920.0,1269.0,1619.0,1956.0,2258.0,2561.0,2863.0
200000.0,45000.0,26.0,959.0,1309.0,1658.0,1990.0,2292.0,2595.0,2897.0
200000.0,45500.0,65.0,999.0,1348.0,1697.0,2024.0,2326.0,2629.0,2931.0
200000.0,46000.0,104.0,1038.0,1387.0,1736.0,2058.0,2360.0,2663.0,2965.0
200000.0,46500.0,144.0,1077.0,1426.0,1776.0,2092.0,2394.0,2697.0,2999.0
200000.0,47000.0,183.0,1116.0,1466.0,1815.0,2126.0,2428.0,2731.0,3033.0
200000.0,47500.0,222.0,1156.0,1505.0,1854.0,2160.0,2462.0,2765.0,3067.0
200000.0,48000.0,261.0,1195.0,1544.0,1891.0,2194.0,2496.0,2799.0,3101.0
200000.0,48500.0,301.0,1234.0,1583.0,1925.0,2228.0,2530.0,2833.0,3135.0
200000.0,49000.0,340.0,1273.0,1623.0,1959.0,2262.0,2564.0,2867.0,3169.0
200000.0,49500.0,379.0,1313.0,1662.0,1993.0,2296.0,2598.0,2901.0,3203.0
200000.0,50000.0,418.0,1352.0,1701.0,2027.0,2330.0,2632.0,2935.0,3237.0
200000.0,50500.0,458.0,1391.0,1740.0,2061.0,2364.0,2666.0,2969.0,3271.0
200000.0,51000.0,497.0,1430.0,1780.0,2095.0,2398.0,2700.0,3003.0,3305.0
200000.0,51500.0,536.0,1470.0,1819.0,2129.0,2432.0,2734.0,3037.0,3339.0
200000.0,52000.0,575.0,1509.0,1858.0,2163.0,2466.0,2768.0,3071.0,3373.0
200000.0,52500.0,615.0,1548.0,1894.0,2197.0,2500.0,2802.0,3105.0,3407.0
200000.0,53000.0,654.0,1587.0,1928.0,2231.0,2534.0,2836.0,3139.0,3441.0
200000.0,53500.0,693.0,1627.0,1962.0,2265.0,2568.0,2870.0,3173.0,3475.0
200000.0,54000.0,732.0,1666.0,1996.0,2299.0,2602.0,2904.0,3207.0,3509.0
200000.0,54500.0,772.0,1705.0,2030.0,2333.0,2636.0,2938.0,3241.0,3543.0
200000.0,55000.0,811.0,1744.0,2064.0,2367.0,2670.0,2972.0,3275.0,3577.0
200000.0,55500.0,850.0,1784.0,2098.0,2401.0,2704.0,3006.0,3309.0,3611.0
200000.0,56000.0,889.0,1823.0,2132.0,2435.0,2738.0,3040.0,3343.0,3645.0
200000.0,56500.0,929.0,1862.0,2166.0,2469.0,2772.0,3074.0,3377.0,3679.0
200000.0,57000.0,968.0,1898.0,2200.0,2503.0,2806.0,3108.0,3411.0,3713.0
200000.0,57500.0,1007.0,1932.0,2234.0,2537.0,2840.0,3142.0,3445.0,3747.0
200000.0,58000.0,1046.0,1966.0,2268.0,2571.0,2874.0,3176.0,3479.0,3781.0
200000.0,58500.0,1086.0,2000.0,2302.0,2605.0,2908.0,3210.0,3513.0,3815.0
200000.0,59000.0,1125.0,2034.0,2336.0,2639.0,2942.0,3244.0,3547.0,3849.0
200000.0,59500.0,1164.0,2068.0,2370.0,2673.0,2976.0,3278.0,3581.0,3883.0
200000.0,60000.0,1203.0,2102.0,2404.0,2707.0,3010.0,3312.0,3615.0,3917.0
200000.0,60500.0,1243.0,2136.0,2438.0,2741.0,3044.0,3346.0,3649.0,3951.0
200000.0,61000.0,1282.0,2170.0,2472.0,2775.0,3078.0,3380.0,3683.0,3985.0
200000.0,61500.0,1321.0,2204.0,2506.0,2809.0,3112.0,3414.0,3717.0,4019.0
200000.0,62000.0,1360.0,2238.0,2540.0,2843.0,3146.0,3448.0,3751.0,4053.0
200000.0,62500.0,1400.0,2272.0,2574.0,2877.0,3180.0,3482.0,3785.0,4087.0
200000.0,63000.0,1439.0,2306.0,2608.0,2911.0,3214.0,3516.0,3819.0,4121.0
200000.0,63500.0,1478.0,2340.0,2642.0,2945.0,3248.0,3550.0,3853.0,4155.0
200000.0,64000.0,1517.0,2374.0,2676.0,2979.0,3282.0,3584.0,3887.0,4189.0
200000.0,64500.0,1557.0,2408.0,2710.0,3013.0,3316.0,3618.0,3921.0,4223.0
200000.0,65000.0,1596.0,2442.0,2744.0,3047.0,3350.0,3652.0,3955.0,4257.0
200000.0,65500.0,1635.0,2476.0,2778.0,3081.0,3384.0,3686.0,3989.0,4291.0
200000.0,66000.0,1674.0,2510.0,2812.0,3115.0,3418.0,3720.0,4023.0,4325.0
200000.0,66500.0,1714.0,2544.0,2846.0,3149.0,3452.0,3754.0,4057.0,4359.0
200000.0,67000.0,1753.0,2578.0,2880.0,3183.0,3486.0,3788.0,4091.0,4393.0
200000.0,67500.0,1792.0,2612.0,2914.0,3217.0,3520.0,3822.0,4125.0,4427.0
200000.0,68000.0,1831.0,2646.0,2948.0,3251.0,3554.0,3856.0,4159.0,4461.0
200000.0,68500.0,1871.0,2680.0,2982.0,3285.0,3588.0,3890.0,4193.0,4495.0
200000.0,69000.0,1910.0,2714.0,3016.0,3319.0,3622.0,3924.0,4227.0,4529.0
200000.0,69500.0,1949.0,2748.0,3050.0,3353.0,3656.0,3958.0,4261.0,4563.0
200000.0,70000.0,1988.0,2782.0,3084.0,3387.0,3690.0,3992.0,4295.0,4597.0
200000.0,70500.0,2028.0,2816.0,3118.0,3421.0,3724.0,4026.0,4329.0,4631.0
200000.0,71000.0,2067.0,2850.0,3152.0,3455.0,3758.0,4060.0,4363.0,4665.0
200000.0,71500.0,2106.0,2884.0,3186.0,3489.0,3792.0,4094.0,4397.0,4699.0
200000.0,72000.0,2145.0,2918.0,3220.0,3523.0,3826.0,4128.0,4431.0,4733.0
200000.0,72500.0,2185.0,2952.0,3254.0,3557.0,3860.0,4162.0,4465.0,4767.0
200000.0,73000.0,2224.0,2986.0,3288.0,3591.0,3894.0,4196.0,4499.0,4801.0
200000.0,73500.0,2263.0,3020.0,3322.0,3625.0,3928.0,4230.0,4533.0,4835.0
200000.0,74000.0,2302.0,3054.0,3356.0,3659.0,3962.0,4264.0,4567.0,4869.0
200000.0,74500.0,2342.0,3088.0,3390.0,3693.0,3996.0,4298.0,4601.0,4903.0
200000.0,75000.0,2381.0,3122.0,3424.0,3727.0,4030.0,4332.0,4635.0,4937.0
200000.0,75500.0,2420.0,3156.0,3458.0,3761.0,4064.0,4366.0,4669.0,4971.0
200000.0,76000.0,2459.0,3190.0,3492.0,3795.0,4098.0,4400.0,4703.0,5005.0
200000.0,76500.0,2499.0,3224.0,3526.0,3829.0,4132.0,4434.0,4737.0,5039.0
200000.0,77000.0,2538.0,3258.0,3560.0,3863.0,4166.0,4468.0,4771.0,5073.0
200000.0,77500.0,2577.0,3292.0,3594.0,3897.0,4200.0,4502.0,4805.0,5107.0
200000.0,78000.0,2616.0,3326.0,3628.0,3931.0,4234.0,4536.0,4839.0,5141.0
200000.0,78500.0,2656.0,3360.0,3662.0,3965.0,4268.0,4570.0,4873.0,5175.0
200000.0,79000.0,2695.0,3394.0,3696.0,3999.0,4302.0,4604.0,4907.0,5209.0
200000.0,79500.0,2734.0,3428.0,3730.0,4033.0,4336.0,4638.0,4941.0,5243.0
200000.0,80000.0,2773.0,3462.0,3764.0,4067.0,4370.0,4672.0,4975.0,5277.0
200000.0,80500.0,2813.0,3496.0,3798.0,4101.0,4404.0,4706.0,5009.0,5311.0
200000.0,81000.0,2852.0,3530.0,3832.0,4135.0,4438.0,4740.0,5043.0,5345.0
200000.0,81500.0,2891.0,3564.0,3866.0,4169.0,4472.0,4774.0,5077.0,5379.0
200000.0,82000.0,2930.0,3598.0,3900.0,4203.0,4506.0,4808.0,5111.0,5413.0
200000.0,82500.0,2970.0,3632.0,3934.0,4237.0,4540.0,4842.0,5145.0,5447.0
200000.0,83000.0,3009.0,3666.0,3968.0,4271.0,4574.0,4876.0,5179.0,5481.0
200000.0,83500.0,3048.0,3700.0,4002.0,4305.0,4608.0,4910.0,5213.0,5515.0
200000.0,84000.0,3087.0,3734.0,4036.0,4339.0,4642.0,4944.0,5247.0,5549.0
200000.0,84500.0,3127.0,3768.0,4070.0,4373.0,4676.0,4978.0,5281.0,5583.0
200000.0,85000.0,3166.0,3802.0,4104.0,4407.0,4710.0,5012.0,5315.0,5617.0
200000.0,85500.0,3205.0,3836.0,4138.0,4441.0,4744.0,5046.0,5349.0,5651.0
200000.0,86000.0,3244.0,3870.0,4172.0,4475.0,4778.0,5080.0,5383.0,5685.0
200000.0,86500.0,3284.0,3904.0,4206.0,4509.0,4812.0,5114.0,5417.0,5719.0
200000.0,87000.0,3323.0,3938.0,4240.0,4543.0,4846.0,5148.0,5451.0,5753.0
200000.0,87500.0,3362.0,3972.0,4274.0,4577.0,4880.0,5182.0,5485.0,5787.0
200000.0,88000.0,3401.0,4006.0,4308.0,4611.0,4914.0,5216.0,5519.0,5821.0
200000.0,88500.0,3441.0,4040.0,4342.0,4645.0,4948.0,5250.0,5553.0,5855.0
200000.0,89000.0,3480.0,4074.0,4376.0,4679.0,4982.0,5284.0,5587.0,5889.0
200000.0,89500.0,3519.0,4108.0,4410.0,4713.0,5016.0,5318.0,5621.0,5923.0
200000.0,90000.0,3558.0,4142.0,4444.0,4747.0,5050.0,5352.0,5655.0,5957.0
200000.0,90500.0,3598.0,4176.0,4478.0,4781.0,5084.0,5386.0,5689.0,5991.0
200000.0,91000.0,3637.0,4210.0,4512.0,4815.0,5118.0,5420.0,5723.0,6025.0
200000.0,91500.0,3676.0,4244.0,4546.0,4849.0,5152.0,5454.0,5757.0,6059.0
200000.0,92000.0,3715.0,4278.0,4580.0,4883.0,5186.0,5488.0,5791.0,6093.0
200000.0,92500.0,3755.0,4312.0,4614.0,4917.0,5220.0,5522.0,5825.0,6127.0
200000.0,93000.0,3794.0,4346.0,4648.0,4951.0,5254.0,5556.0,5859.0,6161.0
200000.0,93500.0,3833.0,4380.0,4682.0,4985.0,5288.0,5590.0,5893.0,6195.0
200000.0,94000.0,3872.0,4414.0,4716.0,5019.0,5322.0,5624.0,5927.0,6229.0
200000.0,94500.0,3912.0,4448.0,4750.0,5053.0,5356.0,5658.0,5961.0,6263.0
200000.0,95000.0,3951.0,4482.0,4784.0,5087.0,5390.0,5692.0,5995.0,6297.0
200000.0,95500.0,3990.0,4516.0,4818.0,5121.0,5424.0,5726.0,6029.0,6331.0
200000.0,96000.0,4029.0,4550.0,4852.0,5155.0,5458.0,5760.0,6063.0,6365.0
200000.0,96500.0,4069.0,4584.0,4886.0,5189.0,5492.0,5794.0,6097.0,6399.0
200000.0,97000.0,4108.0,4618.0,4920.0,5223.0,5526.0,5828.0,6131.0,6433.0
200000.0,97500.0,4147.0,4652.0,4954.0,5257.0,5560.0,5862.0,6165.0,6467.0
200000.0,98000.0,4186.0,4686.0,4988.0,5291.0,5594.0,5896.0,6199.0,6501.0
200000.0,98500.0,4226.0,4720.0,5022.0,5325.0,5628.0,5930.0,6233.0,6535.0
200000.0,99000.0,4265.0,4754.0,5056.0,5359.0,5662.0,5964.0,6267.0,6569.0
200000.0,99500.0,4304.0,4788.0,5090.0,5393.0,5696.0,5998.0,6301.0,6603.0
200000.0,100000.0,4343.0,4822.0,5124.0,5427.0,5730.0,6032.0,6335.0,6637.0
200000.0,100500.0,4383.0,4856.0,5158.0,5461.0,5764.0,6066.0,6369.0,6671.0
200000.0,101000.0,4422.0,4890.0,5192.0,5495.0,5798.0,6100.0,6403.0,6705.0
200000.0,101500.0,4461.0,4924.0,5226.0,5529.0,5832.0,6134.0,6437.0,6739.0
200000.0,102000.0,4500.0,4958.0,5260.0,5563.0,5866.0,6168.0,6471.0,6773.0
200000.0,102500.0,4540.0,4992.0,5294.0,5597.0,5900.0,6202.0,6505.0,6807.0
200000.0,103000.0,4579.0,5026.0,5328.0,5631.0,5934.0,6236.0,6539.0,6841.0
200000.0,103500.0,4618.0,5060.0,5362.0,5665.0,5968.0,6270.0,6573.0,6875.0
200000.0,104000.0,4657.0,5094.0,5396.0,5699.0,6002.0,6304.0,6607.0,6909.0
200000.0,104500.0,4697.0,5128.0,5430.0,5733.0,6036.0,6338.0,6641.0,6943.0
200000.0,105000.0,4736.0,5162.0,5464.0,5767.0,6070.0,6372.0,6675.0,6977.0
200000.0,105500.0,4775.0,5196.0,5498.0,5801.0,6104.0,6406.0,6709.0,7011.0
200000.0,106000.0,4814.0,5230.0,5532.0,5835.0,6138.0,6440.0,6743.0,7045.0
200000.0,106500.0,4854.0,5264.0,5566.0,5869.0,6172.0,6474.0,6777.0,7079.0
200000.0,107000.0,4893.0,5298.0,5600.0,5903.0,6206.0,6508.0,6811.0,7113.0
200000.0,107500.0,4932.0,5332.0,5634.0,5937.0,6240.0,6542.0,6845.0,7147.0
200000.0,108000.0,4969.0,5366.0,5668.0,5971.0,6274.0,6576.0,6879.0,7181.0
200000.0,108500.0,5003.0,5400.0,5702.0,6005.0,6308.0,6610.0,6913.0,7215.0
200000.0,109000.0,5037.0,5434.0,5736.0,6039.0,6342.0,6644.0,6947.0,7249.0
200000.0,109500.0,5071.0,5468.0,5770.0,6073.0,6376.0,6678.0,6981.0,7283.0
200000.0,110000.0,5105.0,5502.0,5804.0,6107.0,6410.0,6712.0,7015.0,7317.0
200000.0,110500.0,5139.0,5536.0,5838.0,6141.0,6444.0,6746.0,7049.0,7351.0
200000.0,111000.0,5173.0,5570.0,5872.0,6175.0,6478.0,6780.0,7083.0,7385.0
200000.0,111500.0,5207.0,5604.0,5906.0,6209.0,6512.0,6814.0,7117.0,7419.0
200000.0,112000.0,5241.0,5638.0,5940.0,6243.0,6546.0,6848.0,7151.0,7453.0
200000.0,112500.0,5275.0,5672.0,5974.0,6277.0,6580.0,6882.0,7185.0,7487.0
200000.0,113000.0,5309.0,5706.0,6008.0,6311.0,6614.0,6916.0,7219.0,7521.0
200000.0,113500.0,5343.0,5740.0,6042.0,6345.0,6648.0,6950.0,7253.0,7555.0
200000.0,114000.0,5377.0,5774.0,6076.0,6379.0,6682.0,6984.0,7287.0,7589.0
200000.0,114500.0,5411.0,5808.0,6110.0,6413.0,6716.0,7018.0,7321.0,7623.0
200000.0,115000.0,5445.0,5842.0,6144.0,6447.0,6750.0,7052.0,7355.0,7657.0
200000.0,115500.0,5479.0,5876.0,6178.0,6481.0,6784.0,7086.0,7389.0,7691.0
200000.0,116000.0,5513.0,5910.0,6212.0,6515.0,6818.0,7120.0,7423.0,7725.0
200000.0,116500.0,5547.0,5944.0,6246.0,6549.0,6852.0,7154.0,7457.0,7759.0
200000.0,117000.0,5581.0,5978.0,6280.0,6583.0,6886.0,7188.0,7491.0,7793.0
200000.0,117500.0,5615.0,6012.0,6314.0,6617.0,6920.0,7222.0,7525.0,7827.0
200000.0,118000.0,5649.0,6046.0,6348.0,6651.0,6954.0,7256.0,7559.0,7861.0
200000.0,118500.0,5683.0,6080.0,6382.0,6685.0,6988.0,7290.0,7593.0,7895.0
200000.0,119000.0,5717.0,6114.0,6416.0,6719.0,7022.0,7324.0,7627.0,7929.0
200000.0,119500.0,5751.0,6148.0,6450.0,6753.0,7056.0,7358.0,7661.0,7963.0
200000.0,120000.0,5785.0,6182.0,6484.0,6787.0,7090.0,7392.0,7695.0,7997.0
200000.0,120500.0,5819.0,6216.0,6518.0,6821.0,7124.0,7426.0,7729.0,8031.0
200000.0,121000.0,5853.0,6250.0,6552.0,6855.0,7158.0,7460.0,7763.0,8065.0
200000.0,121500.0,5887.0,6284.0,6586.0,6889.0,7192.0,7494.0,7797.0,8099.0
200000.0,122000.0,5921.0,6318.0,6620.0,6923.0,7226.0,7528.0,7831.0,8133.0
200000.0,122500.0,5955.0,6352.0,6654.0,6957.0,7260.0,7562.0,7865.0,8167.0
200000.0,123000.0,5989.0,6386.0,6688.0,6991.0,7294.0,7596.0,7899.0,8201.0
200000.0,123500.0,6023.0,6420.0,6722.0,7025.0,7328.0,7630.0,7933.0,8235.0
200000.0,124000.0,6057.0,6454.0,6756.0,7059.0,7362.0,7664.0,7967.0,8269.0
200000.0,124500.0,6091.0,6488.0,6790.0,7093.0,7396.0,7698.0,8001.0,8303.0
200000.0,125000.0,6125.0,6522.0,6824.0,7127.0,7430.0,7732.0,8035.0,8337.0
200000.0,125500.0,6159.0,6556.0,6858.0,7161.0,7464.0,7766.0,8069.0,8371.0
200000.0,126000.0,6193.0,6590.0,6892.0,7195.0,7498.0,7800.0,8103.0,8405.0
200000.0,126500.0,6227.0,6624.0,6926.0,7229.0,7532.0,7834.0,8137.0,8439.0
200000.0,127000.0,6261.0,6658.0,6960.0,7263.0,7566.0,7868.0,8171.0,8473.0
200000.0,127500.0,6295.0,6692.0,6994.0,7297.0,7600.0,7902.0,8205.0,8507.0
200000.0,128000.0,6329.0,6726.0,7028.0,7331.0,7634.0,7936.0,8239.0,8541.0
200000.0,128500.0,6363.0,6760.0,7062.0,7365.0,7668.0,7970.0,8273.0,8575.0
200000.0,129000.0,6397.0,6794.0,7096.0,7399.0,7702.0,8004.0,8307.0,8609.0
200000.0,129500.0,6431.0,6828.0,7130.0,7433.0,7736.0,8038.0,8341.0,8643.0
200000.0,130000.0,6465.0,6862.0,7164.0,7467.0,7770.0,8072.0,8375.0,8677.0
200000.0,130500.0,6499.0,6896.0,7198.0,7501.0,7804.0,8106.0,8409.0,8711.0
200000.0,131000.0,6533.0,6930.0,7232.0,7535.0,7838.0,8140.0,8443.0,8745.0
200000.0,131500.0,6567.0,6964.0,7266.0,7569.0,7872.0,8174.0,8477.0,8779.0
200000.0,132000.0,6601.0,6998.0,7300.0,7603.0,7906.0,8208.0,8511.0,8813.0
200000.0,132500.0,6635.0,7032.0,7334.0,7637.0,7940.0,8242.0,8545.0,8847.0
200000.0,133000.0,6669.0,7066.0,7368.0,7671.0,7974.0,8276.0,8579.0,8881.0
200000.0,133500.0,6703.0,7100.0,7402.0,7705.0,8008.0,8310.0,8613.0,8915.0
200000.0,134000.0,6737.0,7134.0,7436.0,7739.0,8042.0,8344.0,8647.0,8949.0
200000.0,134500.0,6771.0,7168.0,7470.0,7773.0,8076.0,8378.0,8681.0,8980.0
200000.0,135000.0,6805.0,7202.0,7504.0,7807.0,8110.0,8412.0,8715.0,9007.0
200000.0,135500.0,6839.0,7236.0,7538.0,7841.0,8144.0,8446.0,8749.0,9034.0
200000.0,136000.0,6873.0,7270.0,7572.0,7875.0,8178.0,8480.0,8783.0,9060.0
200000.0,136500.0,6907.0,7304.0,7606.0,7909.0,8212.0,8514.0,8817.0,9087.0
200000.0,137000.0,6941.0,7338.0,7640.0,7943.0,8246.0,8548.0,8851.0,9114.0
200000.0,137500.0,6975.0,7372.0,7674.0,7977.0,8280.0,8582.0,8885.0,9141.0
200000.0,138000.0,7009.0,7406.0,7708.0,8011.0,8314.0,8616.0,8919.0,9167.0
200000.0,138500.0,7043.0,7440.0,7742.0,8045.0,8348.0,8650.0,8953.0,9194.0
200000.0,139000.0,7077.0,7474.0,7776.0,8079.0,8382.0,8684.0,8983.0,9221.0
200000.0,139500.0,7111.0,7508.0,7810.0,8113.0,8416.0,8718.0,9010.0,9248.0
200000.0,140000.0,7145.0,7542.0,7844.0,8147.0,8450.0,8752.0,9036.0,9274.0
200000.0,140500.0,7179.0,7576.0,7878.0,8181.0,8484.0,8786.0,9063.0,9301.0
200000.0,141000.0,7213.0,7610.0,7912.0,8215.0,8518.0,8820.0,9090.0,9328.0
200000.0,141500.0,7247.0,7644.0,7946.0,8249.0,8552.0,8854.0,9117.0,9355.0
200000.0,142000.0,7281.0,7678.0,7980.0,8283.0,8586.0,8888.0,9143.0,9381.0
200000.0,142500.0,7315.0,7712.0,8014.0,8317.0,8620.0,8922.0,9170.0,9408.0
200000.0,143000.0,7349.0,7746.0,8048.0,8351.0,8654.0,8956.0,9197.0,9435.0
200000.0,143500.0,7383.0,7780.0,8082.0,8385.0,8688.0,8986.0,9224.0,9462.0
200000.0,144000.0,7417.0,7814.0,8116.0,8419.0,8722.0,9012.0,9250.0,9488.0
200000.0,144500.0,7451.0,7848.0,8150.0,8453.0,8756.0,9039.0,9277.0,9515.0
200000.0,145000.0,7485.0,7882.0,8184.0,8487.0,8790.0,9066.0,9304.0,9542.0
200000.0,145500.0,7519.0,7916.0,8218.0,8521.0,8824.0,9093.0,9331.0,9569.0
200000.0,146000.0,7553.0,7950.0,8252.0,8555.0,8858.0,9119.0,9357.0,9595.0
200000.0,146500.0,7587.0,7984.0,8286.0,8589.0,8892.0,9146.0,9384.0,9622.0
200000.0,147000.0,7621.0,8018.0,8320.0,8623.0,8926.0,9173.0,9411.0,9649.0
200000.0,147500.0,7655.0,8052.0,8354.0,8657.0,8960.0,9200.0,9438.0,9676.0
200000.0,148000.0,7689.0,8086.0,8388.0,8691.0,8988.0,9226.0,9464.0,9702.0
200000.0,148500.0,7723.0,8120.0,8422.0,8725.0,9015.0,9253.0,9491.0,9729.0
200000.0,149000.0,7757.0,8154.0,8456.0,8759.0,9042.0,9280.0,9518.0,9756.0
200000.0,149500.0,7791.0,8188.0,8490.0,8793.0,9068.0,9307.0,9545.0,9783.0
200000.0,150000.0,7825.0,8222.0,8524.0,8827.0,9095.0,9333.0,9571.0,9809.0
200000.0,150500.0,7859.0,8256.0,8558.0,8861.0,9122.0,9360.0,9598.0,9836.0
200000.0,151000.0,7893.0,8290.0,8592.0,8895.0,9149.0,9387.0,9625.0,9863.0
200000.0,151500.0,7927.0,8324.0,8626.0,8929.0,9175.0,9414.0,9652.0,9890.0
200000.0,152000.0,7961.0,8358.0,8660.0,8963.0,9202.0,9440.0,9678.0,9916.0
200000.0,152500.0,7995.0,8392.0,8694.0,8991.0,9229.0,9467.0,9705.0,9943.0
200000.0,153000.0,8029.0,8426.0,8728.0,9018.0,9256.0,9494.0,9732.0,9970.0
200000.0,153500.0,8063.0,8460.0,8762.0,9044.0,9282.0,9521.0,9759.0,9997.0
200000.0,154000.0,8097.0,8494.0,8796.0,9071.0,9309.0,9547.0,9785.0,10023.0
200000.0,154500.0,8131.0,8528.0,8830.0,9098.0,9336.0,9574.0,9812.0,10050.0
200000.0,155000.0,8165.0,8562.0,8864.0,9125.0,9363.0,9601.0,9839.0,10077.0
200000.0,155500.0,8199.0,8596.0,8898.0,9151.0,9389.0,9628.0,9866.0,10104.0
200000.0,156000.0,8233.0,8630.0,8932.0,9178.0,9416.0,9654.0,9892.0,10130.0
200000.0,156500.0,8267.0,8664.0,8966.0,9205.0,9443.0,9681.0,9919.0,10157.0
200000.0,157000.0,8301.0,8698.0,8994.0,9232.0,9470.0,9708.0,9946.0,10184.0
200000.0,157500.0,8335.0,8732.0,9020.0,9258.0,9496.0,9735.0,9973.0,10211.0
200000.0,158000.0,8369.0,8766.0,9047.0,9285.0,9523.0,9761.0,9999.0,10237.0
200000.0,158500.0,8403.0,8800.0,9074.0,9312.0,9550.0,9788.0,10026.0,10264.0
200000.0,159000.0,8437.0,8834.0,9101.0,9339.0,9577.0,9815.0,10053.0,10291.0
200000.0,159500.0,8471.0,8868.0,9127.0,9365.0,9603.0,9842.0,10080.0,10318.0
200000.0,160000.0,8505.0,8902.0,9154.0,9392.0,9630.0,9868.0,10106.0,10344.0
200000.0,160500.0,8539.0,8936.0,9181.0,9419.0,9657.0,9895.0,10133.0,10371.0
200000.0,161000.0,8573.0,8969.0,9208.0,9446.0,9684.0,9922.0,10160.0,10398.0
200000.0,161500.0,8607.0,8996.0,9234.0,9472.0,9710.0,9949.0,10187.0,10425.0
200000.0,162000.0,8641.0,9023.0,9261.0,9499.0,9737.0,9975.0,10213.0,10451.0
200000.0,162500.0,8675.0,9050.0,9288.0,9526.0,9764.0,10002.0,10240.0,10478.0
200000.0,163000.0,8709.0,9076.0,9315.0,9553.0,9791.0,10029.0,10267.0,10505.0
200000.0,163500.0,8743.0,9103.0,9341.0,9579.0,9817.0,10056.0,10294.0,10532.0
200000.0,164000.0,8777.0,9130.0,9368.0,9606.0,9844.0,10082.0,10320.0,10558.0
200000.0,164500.0,8811.0,9157.0,9395.0,9633.0,9871.0,10109.0,10347.0,10585.0
200000.0,165000.0,8845.0,9183.0,9422.0,9660.0,9898.0,10136.0,10374.0,10612.0
200000.0,165500.0,8879.0,9210.0,9448.0,9686.0,9924.0,10163.0,10401.0,10639.0
200000.0,166000.0,8913.0,9237.0,9475.0,9713.0,9951.0,10189.0,10427.0,10665.0
200000.0,166500.0,8947.0,9264.0,9502.0,9740.0,9978.0,10216.0,10454.0,10692.0
200000.0,167000.0,8981.0,9290.0,9529.0,9767.0,10005.0,10243.0,10481.0,10719.0
200000.0,167500.0,9015.0,9317.0,9555.0,9793.0,10031.0,10270.0,10508.0,10746.0
200000.0,168000.0,9049.0,9344.0,9582.0,9820.0,10058.0,10296.0,10534.0,10772.0
200000.0,168500.0,9083.0,9371.0,9609.0,9847.0,10085.0,10323.0,10561.0,10799.0
200000.0,169000.0,9117.0,9397.0,9636.0,9874.0,10112.0,10350.0,10588.0,10818.0
200000.0,169500.0,9151.0,9424.0,9662.0,9900.0,10138.0,10377.0,10615.0,10818.0
200000.0,170000.0,9185.0,9451.0,9689.0,9927.0,10165.0,10403.0,10641.0,10818.0
200000.0,170500.0,9219.0,9478.0,9716.0,9954.0,10192.0,10430.0,10668.0,10818.0
200000.0,171000.0,9253.0,9504.0,9743.0,9981.0,10219.0,10457.0,10695.0,10818.0
200000.0,171500.0,9287.0,9531.0,9769.0,10007.0,10245.0,10484.0,10722.0,10818.0
200000.0,172000.0,9320.0,9558.0,9796.0,10034.0,10272.0,10510.0,10748.0,10818.0
200000.0,172500.0,9347.0,9585.0,9823.0,10061.0,10299.0,10537.0,10775.0,10818.0
200000.0,173000.0,9373.0,9611.0,9850.0,10088.0,10326.0,10564.0,10802.0,10818.0
200000.0,173500.0,9400.0,9638.0,9876.0,10114.0,10352.0,10591.0,10818.0,10818.0
200000.0,174000.0,9427.0,9665.0,9903.0,10141.0,10379.0,10617.0,10818.0,10818.0
200000.0,174500.0,9454.0,9692.0,9930.0,10168.0,10406.0,10644.0,10818.0,10818.0
200000.0,175000.0,9480.0,9718.0,9957.0,10195.0,10433.0,10671.0,10818.0,10818.0
200000.0,175500.0,9507.0,9745.0,9983.0,10221.0,10459.0,10698.0,10818.0,10818.0
200000.0,176000.0,9534.0,9772.0,10010.0,10248.0,10486.0,10724.0,10818.0,10818.0
200000.0,176500.0,9561.0,9799.0,10037.0,10275.0,10513.0,10751.0,10818.0,10818.0
200000.0,177000.0,9587.0,9825.0,10064.0,10302.0,10540.0,10778.0,10818.0,10818.0
200000.0,177500.0,9614.0,9852.0,10090.0,10328.0,10566.0,10805.0,10818.0,10818.0
200000.0,178000.0,9641.0,9879.0,10117.0,10355.0,10593.0,10818.0,10818.0,10818.0
200000.0,178500.0,9668.0,9906.0,10144.0,10382.0,10620.0,10818.0,10818.0,10818.0
200000.0,179000.0,9694.0,9932.0,10171.0,10409.0,10647.0,10818.0,10818.0,10818.0
200000.0,179500.0,9721.0,9959.0,10197.0,10435.0,10673.0,10818.0,10818.0,10818.0
200000.0,180000.0,9748.0,9986.0,10224.0,10462.0,10700.0,10818.0,10818.0,10818.0
200000.0,180500.0,9775.0,10013.0,10251.0,10489.0,10727.0,10818.0,10818.0,10818.0
200000.0,181000.0,9801.0,10039.0,10278.0,10516.0,10754.0,10818.0,10818.0,10818.0
200000.0,181500.0,9828.0,10066.0,10304.0,10542.0,10780.0,10818.0,10818.0,10818.0
200000.0,182000.0,9855.0,10093.0,10331.0,10569.0,10807.0,10818.0,10818.0,10818.0
200000.0,182500.0,9882.0,10120.0,10358.0,10596.0,10818.0,10818.0,10818.0,10818.0
200000.0,183000.0,9908.0,10146.0,10385.0,10623.0,10818.0,10818.0,10818.0,10818.0
200000.0,183500.0,9935.0,10173.0,10411.0,10649.0,10818.0,10818.0,10818.0,10818.0
200000.0,184000.0,9962.0,10200.0,10438.0,10676.0,10818.0,10818.0,10818.0,10818.0
200000.0,184500.0,9989.0,10227.0,10465.0,10703.0,10818.0,10818.0,10818.0,10818.0
200000.0,185000.0,10015.0,10253.0,10492.0,10730.0,10818.0,10818.0,10818.0,10818.0
200000.0,185500.0,10042.0,10280.0,10518.0,10756.0,10818.0,10818.0,10818.0,10818.0
200000.0,186000.0,10069.0,10307.0,10545.0,10783.0,10818.0,10818.0,10818.0,10818.0
200000.0,186500.0,10096.0,10334.0,10572.0,10810.0,10818.0,10818.0,10818.0,10818.0
200000.0,187000.0,10122.0,10360.0,10599.0,10818.0,10818.0,10818.0,10818.0,10818.0
200000.0,187500.0,10149.0,10387.0,10625.0,10818.0,10818.0,10818.0,10818.0,10818.0
200000.0,188000.0,10176.0,10414.0,10652.0,10818.0,10818.0,10818.0,10818.0,10818.0
200000.0,188500.0,10203.0,10441.0,10679.0,10818.0,10818.0,10818.0,10818.0,10818.0
200000.0,189000.0,10229.0,10467.0,10706.0,10818.0,10818.0,10818.0,10818.0,10818.0
200000.0,189500.0,10256.0,10494.0,10732.0,10818.0,10818.0,10818.0,10818.0,10818.0
200000.0,190000.0,10283.0,10521.0,10759.0,10818.0,10818.0,10818.0,10818.0,10818.0
200000.0,190500.0,10310.0,10548.0,10786.0,10818.0,10818.0,10818.0,10818.0,10818.0
200000.0,191000.0,10336.0,10574.0,10813.0,10818.0,10818.0,10818.0,10818.0,10818.0
200000.0,191500.0,10363.0,10601.0,10818.0,10818.0,10818.0,10818.0,10818.0,10818.0
200000.0,192000.0,10390.0,10628.0,10818.0,10818.0,10818.0,10818.0,10818.0,10818.0
200000.0,192500.0,10417.0,10655.0,10818.0,10818.0,10818.0,10818.0,10818.0,10818.0
200000.0,193000.0,10443.0,10681.0,10818.0,10818.0,10818.0,10818.0,10818.0,10818.0
200000.0,193500.0,10470.0,10708.0,10818.0,10818.0,10818.0,10818.0,10818.0,10818.0
200000.0,194000.0,10497.0,10735.0,10818.0,10818.0,10818.0,10818.0,10818.0,10818.0
200000.0,194500.0,10524.0,10762.0,10818.0,10818.0,10818.0,10818.0,10818.0,10818.0
200000.0,195000.0,10550.0,10788.0,10818.0,10818.0,10818.0,10818.0,10818.0,10818.0
200000.0,195500.0,10577.0,10815.0,10818.0,10818.0,10818.0,10818.0,10818.0,10818.0
200000.0,196000.0,10604.0,10818.0,10818.0,10818.0,10818.0,10818.0,10818.0,10818.0
200000.0,196500.0,10631.0,10818.0,10818.0,10818.0,10818.0,10818.0,10818.0,10818.0
200000.0,197000.0,10657.0,10818.0,10818.0,10818.0,10818.0,10818.0,10818.0,10818.0
200000.0,197500.0,10684.0,10818.0,10818.0,10818.0,10818.0,10818.0,10818.0,10818.0
200000.0,198000.0,10711.0,10818.0,10818.0,10818.0,10818.0,10818.0,10818.0,10818.0
200000.0,198500.0,10738.0,10818.0,10818.0,10818.0,10818.0,10818.0,10818.0,10818.0
200000.0,199000.0,10764.0,10818.0,10818.0,10818.0,10818.0,10818.0,10818.0,10818.0
200000.0,199500.0,10791.0,10818.0,10818.0,10818.0,10818.0,10818.0,10818.0,10818.0
200000.0,200000.0,10818.0,10818.0,10818.0,10818.0,10818.0,10818.0,10818.0,10818.0
